file,scene,blur_sigma,total_voxels,signal_voxels,percent_volume
JB-I-26-10_PEG-1.5mol_.lif,n1_t0_a,2.0,14680064,4584806,31.231512342180523
JB-I-26-10_PEG-1.5mol_.lif,n1_t0_b,2.0,15728640,6276327,39.903812408447266
JB-I-26-10_PEG-1.5mol_.lif,n1_t0_c,2.0,13631488,5438321,39.89528509286734
JB-I-26-10_PEG-1.5mol_.lif,n2_t0_a,2.0,17825792,7745382,43.4504228479722
JB-I-26-10_PEG-1.5mol_.lif,n2_t0_b,2.0,16777216,6626678,39.4980788230896
JB-I-26-10_PEG-1.5mol_.lif,n2_t0_c,2.0,16777216,7494929,44.67325806617737
JB-I-26-10_PEG-1.5mol_.lif,n3_t0_a,2.0,17825792,5908057,33.14330718096565
JB-I-26-10_PEG-1.5mol_.lif,n3_t0_b,2.0,16777216,6130815,36.54250502586365
JB-I-26-10_PEG-1.5mol_.lif,n3_t0_c,2.0,18874368,9182101,48.64852163526747
JB-I-26-10_PEG-1.5mol_.lif,n1_t1_a,2.0,13631488,7073160,51.88839252178485
JB-I-26-10_PEG-1.5mol_.lif,n1_t1_b,2.0,13631488,6323102,46.38599982628456
JB-I-26-10_PEG-1.5mol_.lif,n1_t1_c,2.0,12582912,6350087,50.46595732371012
JB-I-26-10_PEG-1.5mol_.lif,n2_t1_a,2.0,13631488,4998185,36.6664666395921
JB-I-26-10_PEG-1.5mol_.lif,n2_t1_b,2.0,12582912,6663367,52.95568307240804
JB-I-26-10_PEG-1.5mol_.lif,n2_t1_c,2.0,15728640,8548354,54.34897104899089
JB-I-26-10_PEG-1.5mol_.lif,n3_t1_a,2.0,13631488,7251152,53.19413405198318
JB-I-26-10_PEG-1.5mol_.lif,n3_t1_b,2.0,11534336,5928063,51.3949220830744
JB-I-26-10_PEG-1.5mol_.lif,n3_t1_c,2.0,12582912,5171715,41.10109806060791
JB-I-26-10_PEG-1.5mol_.lif,n1_t2_a,2.0,13631488,5764621,42.28900762704703
JB-I-26-10_PEG-1.5mol_.lif,n1_t2_b,2.0,11534336,5572570,48.31288077614524
JB-I-26-10_PEG-1.5mol_.lif,n1_t2_c,2.0,11534336,5585858,48.42808463356712
JB-I-26-10_PEG-1.5mol_.lif,n1_t2_d,2.0,12582912,5403237,42.94106960296631
JB-I-26-10_PEG-1.5mol_.lif,n1_t2_40x,2.0,12582912,4882547,38.802997271219894
JB-I-26-10_PEG-1.5mol_.lif,n2_t2_a,2.0,15728640,6777273,43.088741302490234
JB-I-26-10_PEG-1.5mol_.lif,n2_t2_b,2.0,14680064,7073675,48.18558692932129
JB-I-26-10_PEG-1.5mol_.lif,n2_t2_c,2.0,12582912,6233720,49.54115549723308
JB-I-26-10_PEG-1.5mol_.lif,n2_t2_40x,2.0,9437184,1528513,16.196706559922962
JB-I-26-10_PEG-1.5mol_.lif,n2_t2_40x_attempt2,2.0,9437184,4078530,43.21765899658203
JB-I-26-10_PEG-1.5mol_.lif,n3_t2_a,2.0,14680064,8054320,54.86570085797992
JB-I-26-10_PEG-1.5mol_.lif,n3_t2_b,2.0,14680064,4188936,28.53486197335379
JB-I-26-10_PEG-1.5mol_.lif,n3_t2_c,2.0,13631488,6879588,50.468356792743386
JB-I-26-10_PEG-1.5mol_.lif,n3_t2_40x,2.0,10485760,5390349,51.40637397766113
JB-I-26-10_PEG-1.5mol_.lif,n3_t2_40x_attempt2,2.0,7340032,3312331,45.12692860194615
JB-I-26-10_PEG-1.5mol_.lif,n3_t2_40x_attempt3,2.0,11534336,6226921,53.98595116355202
JB-I-31-10_PEG-10mol_.lif,n1-t0-a,2.0,11534336,7156689,62.046822634610265
JB-I-31-10_PEG-10mol_.lif,n1-t0-b,2.0,12582912,6369435,50.61972141265869
JB-I-31-10_PEG-10mol_.lif,n1-t0-c,2.0,11534336,4633137,40.168216011740945
JB-I-31-10_PEG-10mol_.lif,n2-t0-a,2.0,11534336,4798560,41.60239479758523
JB-I-31-10_PEG-10mol_.lif,n2-t0-b,2.0,13631488,5697451,41.7962514437162
JB-I-31-10_PEG-10mol_.lif,n2-t0-c,2.0,12582912,5238485,41.63173834482829
JB-I-31-10_PEG-10mol_.lif,n3-t0-a,2.0,11534336,4171751,36.16810711947354
JB-I-31-10_PEG-10mol_.lif,n3-t0-b,2.0,13631488,5256525,38.56163758497972
JB-I-31-10_PEG-10mol_.lif,n3-t0-c,2.0,12582912,4733217,37.61622905731201
JB-I-31-10_PEG-10mol_.lif,n4-t0-a,2.0,12582912,5113469,40.63820044199626
JB-I-31-10_PEG-10mol_.lif,n4-t0-b,2.0,11534336,4675944,40.539342706853695
JB-I-31-10_PEG-10mol_.lif,n4-t0-c,2.0,12582912,5125089,40.73054790496826
JB-I-31-10_PEG-10mol_.lif,n2-t1-a,2.0,11534336,4348611,37.70144202492454
JB-I-31-10_PEG-10mol_.lif,n2-t1-b,2.0,12582912,4330594,34.41646893819173
JB-I-31-10_PEG-10mol_.lif,n2-t1-c,2.0,12582912,4862578,38.644297917683915
JB-I-31-10_PEG-10mol_.lif,n3-t1-a,2.0,11534336,4702534,40.76987179842862
JB-I-31-10_PEG-10mol_.lif,n3-t1-b,2.0,12582912,5467671,43.453145027160645
JB-I-31-10_PEG-10mol_.lif,n3-t1-c,2.0,11534336,4574175,39.657029238614165
JB-I-31-10_PEG-10mol_.lif,n3-t1-d,2.0,12582912,4879585,38.77945741017659
JB-I-31-10_PEG-10mol_.lif,n4-t1-a,2.0,12582912,5839722,46.40994071960449
JB-I-31-10_PEG-10mol_.lif,n4-t1-b,2.0,11534336,5043767,43.72828223488548
JB-I-31-10_PEG-10mol_.lif,n4-t1-c,2.0,11534336,5320633,46.12864581021396
JB-I-31-10_PEG-10mol_.lif,n2-t2-a,2.0,15728640,7965104,50.640767415364586
JB-I-31-10_PEG-10mol_.lif,n2-t2-b,2.0,13631488,5730351,42.03760440532977
JB-I-31-10_PEG-10mol_.lif,n2-t2-c,2.0,12582912,6159183,48.9487886428833
JB-I-31-10_PEG-10mol_.lif,n2-t2-40x-1,2.0,9437184,2270150,24.055374993218315
JB-I-31-10_PEG-10mol_.lif,n2-t2-40-2,2.0,10485760,4387134,41.83897018432617
JB-I-31-10_PEG-10mol_.lif,n3-t2-a,2.0,14680064,5368967,36.57318523951939
JB-I-31-10_PEG-10mol_.lif,n3-t2-b,2.0,14680064,5771490,39.31515557425363
JB-I-31-10_PEG-10mol_.lif,n3-t2-c,2.0,11534336,4428489,38.39396563443271
JB-I-31-10_PEG-10mol_.lif,n3-t2-40x,2.0,11534336,5521398,47.869231484153055
JB-I-31-10_PEG-10mol_.lif,n3-t2-40x-2,2.0,9437184,2486828,26.351377699110245
JB-I-31-10_PEG-10mol_.lif,n3-t2-40-3,2.0,7340032,3005213,40.942777906145366
JB-I-31-10_PEG-10mol_.lif,n4-t2-a,2.0,12582912,5475886,43.51843198140462
JB-I-31-10_PEG-10mol_.lif,n4-t2-b,2.0,12582912,4615859,36.683551470438644
JB-I-31-10_PEG-10mol_.lif,n4-t2-c,2.0,12582912,4521103,35.93049844106038
JB-I-31-10_PEG-10mol_.lif,n4-t2-40x,2.0,8388608,4141877,49.37502145767212
JB-I-31-10_PEG-10mol_.lif,n4-t2-40x-2,2.0,7340032,3513783,47.87149429321289
JW-30-10_PEG-0mol_.lif,n1-t0-a,2.0,13631488,7637226,56.02635603684646
JW-30-10_PEG-0mol_.lif,n1-t0-b,2.0,14680064,9365511,63.79748071943011
JW-30-10_PEG-0mol_.lif,n1-t0-c,2.0,15728640,8752863,55.64920425415038
JW-30-10_PEG-0mol_.lif,n2-t0-a,2.0,13631488,5916735,43.404909280630264
JW-30-10_PEG-0mol_.lif,n2-t0-b,2.0,19922944,8620864,43.27103464226973
JW-30-10_PEG-0mol_.lif,n2-t0-c,2.0,25165824,11613944,46.14966710408528
JW-30-10_PEG-0mol_.lif,n3-t0-a,2.0,17825792,8242816,46.24095243566176
JW-30-10_PEG-0mol_.lif,n3-t0-b,2.0,12582912,8642423,68.68380705515543
JW-30-10_PEG-0mol_.lif,n3-t0-c,2.0,12582912,8276025,65.7719373703003
JW-30-10_PEG-0mol_.lif,n3-t0-d,2.0,16777216,6663416,39.71705436706543
JW-30-10_PEG-0mol_.lif,n1-t1-a,2.0,13631488,6332096,46.45197941706731
JW-30-10_PEG-0mol_.lif,n1-t1-b,2.0,11534336,4129074,35.79810749400746
JW-30-10_PEG-0mol_.lif,n1-t1-c,2.0,11534336,5076224,44.009676846590914
JW-30-10_PEG-0mol_.lif,n2-t2-a,2.0,11534336,6332213,54.898808219216086
JW-30-10_PEG-0mol_.lif,n2-t2-b,2.0,11534336,7356516,63.77927606756037
JW-30-10_PEG-0mol_.lif,n2-t2-c,2.0,12582912,6254938,49.70978101094563
JW-30-10_PEG-0mol_.lif,n3-t2-a,2.0,11534336,5660837,49.078135056929156
JW-30-10_PEG-0mol_.lif,n3-t2-b,2.0,19922944,8956667,44.956543571070625
JW-30-10_PEG-0mol_.lif,n3-t2-c,2.0,23068672,9039734,39.18619155883789
JW-30-10_PEG-0mol_.lif,n1-t3-a,2.0,12582912,5264023,41.83469613393147
JW-30-10_PEG-0mol_.lif,n1-t3-b,2.0,12582912,6345352,50.42832692464193
JW-30-10_PEG-0mol_.lif,n1-t3-c,2.0,12582912,5101825,40.545662244160965
JW-30-10_PEG-0mol_.lif,n1-t3-d,2.0,12582912,5274591,41.91868305206299
JW-30-10_PEG-0mol_.lif,n1-t3-40x,2.0,15728640,7543410,47.95970916748047
JW-30-10_PEG-0mol_.lif,n2-t3-a,2.0,12582912,5789446,46.01038297017415
JW-30-10_PEG-0mol_.lif,n2-t3-b,2.0,11534336,4105749,35.59588519009677
JW-30-10_PEG-0mol_.lif,n2-t3-c,2.0,16777216,6436116,38.3622407913208
JW-30-10_PEG-0mol_.lif,n2-t3-40x-a,2.0,19922944,5049711,25.346208873548004
JW-30-10_PEG-0mol_.lif,n2-t3-40x-b,2.0,13631488,1402928,10.291818472055288
JW-30-10_PEG-0mol_.lif,n3-t3-a,2.0,17825792,6829966,38.315077388987824
JW-30-10_PEG-0mol_.lif,n3-t3-b,2.0,4194304,544579,12.98377513885498
JW-30-10_PEG-0mol_.lif,n3-t3-c,2.0,14680064,5809825,39.57629203796387
JW-30-10_PEG-0mol_.lif,n3-t3-40x,2.0,14680064,4760356,32.427351815359934
NJB-III-55 86.3-10P-3.5m-0.2 20x .lif,n1_t0_a,2.0,10485760,5185695,49.454641342163086
NJB-III-55 86.3-10P-3.5m-0.2 20x .lif,n1_t0_b,2.0,7340032,2513794,34.247725350516184
NJB-III-55 86.3-10P-3.5m-0.2 20x .lif,n1_t0_c,2.0,11534336,4414605,38.27359459616921
NJB-III-55 86.3-10P-3.5m-0.2 20x .lif,n2_t0_a,2.0,9437184,4009042,42.48133765326606
NJB-III-55 86.3-10P-3.5m-0.2 20x .lif,n2_t0_b,2.0,8388608,2951766,35.18779277801514
NJB-III-55 86.3-10P-3.5m-0.2 20x .lif,n2_t0_c,2.0,8388608,3332372,39.7249698638916
NJB-III-55 86.3-10P-3.5m-0.2 20x .lif,n3_t0_a,2.0,9437184,4084473,43.28063329060872
NJB-III-55 86.3-10P-3.5m-0.2 20x .lif,n3_t0_b,2.0,8388608,3447735,41.10020399093628
NJB-III-55 86.3-10P-3.5m-0.2 20x .lif,n3_t0_c,2.0,10485760,4208283,40.13331413269043
NJB-III-55 86.3-10P-3.5m-0.2 20x .lif,n1_t1_a,2.0,9437184,3727126,39.49404822455512
NJB-III-55 86.3-10P-3.5m-0.2 20x .lif,n1_t1_b,2.0,13631488,6838460,50.166643582857574
NJB-III-55 86.3-10P-3.5m-0.2 20x .lif,n1_t1_c,2.0,10485760,3534480,33.707427978515625
NJB-III-55 86.3-10P-3.5m-0.2 20x .lif,n2_t1_a,2.0,8388608,3065889,36.54824495315552
NJB-III-55 86.3-10P-3.5m-0.2 20x .lif,n2_t1_b,2.0,9437184,3523816,37.339697943793404
NJB-III-55 86.3-10P-3.5m-0.2 20x .lif,n2_t1_c,2.0,8388608,3409325,40.64232110977173
NJB-III-55 86.3-10P-3.5m-0.2 20x .lif,n3_t1_a,2.0,8388608,3279868,39.09907341003418
NJB-III-55 86.3-10P-3.5m-0.2 20x .lif,n3_t1_b,2.0,9437184,3648076,38.65640428331163
NJB-III-55 86.3-10P-3.5m-0.2 20x .lif,n3_t1_c,2.0,9437184,3897900,41.30363464355469
NJB-III-55 86.3-10P-3.5m-0.2 20x .lif,n1_t2_a,2.0,10485760,4054399,38.665761947631836
NJB-III-55 86.3-10P-3.5m-0.2 20x .lif,n1_t2_b,2.0,9437184,3851444,40.81136915418837
NJB-III-55 86.3-10P-3.5m-0.2 20x .lif,n1_t2_c,2.0,13631488,8765464,64.30306067833533
NJB-III-55 86.3-10P-3.5m-0.2 20x .lif,n1_t2_40x,2.0,13631488,4139654,30.368320758526142
NJB-III-55 86.3-10P-3.5m-0.2 20x .lif,n2_t2_a,2.0,9437184,3283798,34.79637569851345
NJB-III-55 86.3-10P-3.5m-0.2 20x .lif,n2_t2_b,2.0,12582912,4304634,34.21015739440918
NJB-III-55 86.3-10P-3.5m-0.2 20x .lif,n2_t2_c,2.0,14680064,6172148,42.04442160470145
NJB-III-55 86.3-10P-3.5m-0.2 20x .lif,n2_t2_40x,2.0,17825792,6206907,34.819810530718634
NJB-III-55 86.3-10P-3.5m-0.2 20x .lif,n3_t2_a,2.0,12582912,5154546,40.964651107788086
NJB-III-55 86.3-10P-3.5m-0.2 20x .lif,n3_t2_b,2.0,10485760,4325650,41.25261306762695
NJB-III-55 86.3-10P-3.5m-0.2 20x .lif,n3_t2_c,2.0,8388608,3211469,38.28369379043579
NJB-III-55 86.3-10P-3.5m-0.2 20x .lif,n3_t2_40x,2.0,27262976,11449208,41.99544466458834
